{"disease": "Early_blight", "confidence": 0.9191021919250488, "all_probabilities": {"Bacterial_spot": 0.007108044344931841, "Early_blight": 0.9191021919250488, "Late_blight": 0.03376217186450958, "Leaf_Mold": 0.04002755135297775}, "is_reliable": true, "timestamp": "2025-09-08T17:55:29.825915"}
